<?xml version="1.0" encoding="UTF-8"?>
<beans xmlns:xsi="http://www.w3.org/2001/XMLSchema-instance"
       xmlns="http://www.springframework.org/schema/beans"
       xsi:schemaLocation="http://www.springframework.org/schema/beans
    http://www.springframework.org/schema/beans/spring-beans.xsd">

	<bean id="mailSender" class="org.springframework.mail.javamail.JavaMailSenderImpl">
		<property name="host" value="smtp.gmail.com" />
		<property name="username" value="testytestermail@gmail.com" />
		<property name="password" value="testermail" />
		<property name="javaMailProperties">
			<props>
				<prop key="mail.smtp.auth">true</prop>
				<prop key="mail.smtp.socketFactory.port">465</prop>
				<prop key="mail.smtp.socketFactory.class">javax.net.ssl.SSLSocketFactory</prop>
				<prop key="mail.smtp.port">465</prop>
			</props>
		</property>
	</bean>
	
	<bean id="mailMail" class="com.erai.enterpriseconnect.service.mail.SendEmailService">
		<property name="mailSender" ref="mailSender" />
	</bean>  

</beans>