<beans xmlns:xsi="http://www.w3.org/2001/XMLSchema-instance"
       xmlns:mvc="http://www.springframework.org/schema/mvc"
       xmlns="http://www.springframework.org/schema/beans"
       xsi:schemaLocation="http://www.springframework.org/schema/mvc http://www.springframework.org/schema/mvc/spring-mvc.xsd http://www.springframework.org/schema/beans
 http://www.springframework.org/schema/beans/spring-beans.xsd">

    <mvc:annotation-driven/>

    <mvc:resources mapping="/resources/**" location="/resources/"/>

    <bean id="messageSource" class="org.springframework.context.support.ReloadableResourceBundleMessageSource">
        <property name="basenames">
            <list>
                <value>classpath:resources/validation</value>
                <value>classpath:resources/messages</value>
            </list>
        </property>
        <property name="defaultEncoding" value="UTF-8" />
    </bean>

    <bean id="localeResolver" class="org.springframework.web.servlet.i18n.SessionLocaleResolver">
         <property name="defaultLocale" value="en" />
     </bean>

    <mvc:interceptors>
      <mvc:interceptor>
        <mvc:mapping path="/**" />
          <bean id="localeChangeInterceptor"
            class="org.springframework.web.servlet.i18n.LocaleChangeInterceptor">
             <property name="paramName" value="language" />
          </bean>
      </mvc:interceptor>
      <mvc:interceptor>
        <mvc:mapping path="/**" />
          <bean id="loggerInterceptor"
            class="com.erai.enterpriseconnect.core.interceptors.LoggerInterceptor">
          </bean>
      </mvc:interceptor>
    </mvc:interceptors>

    <bean class="org.springframework.web.servlet.view.InternalResourceViewResolver">
        <property name="prefix">
            <value>/WEB-INF/views/</value>
        </property>
        <property name="suffix">
            <value>.jsp</value>
        </property>
    </bean>
    
    <bean id="multipartResolver"    class="org.springframework.web.multipart.commons.CommonsMultipartResolver">
        <property name="maxUploadSize" value="1000000" />
    </bean>
</beans>